{
  "timestamp": "2025-11-01T01:59:57",
  "verification_time_seconds": 0.07,
  "project_root": "/workspace/EnhancedAgarGame",
  "summary": {
    "total_java_files": 32,
    "total_imports": 124,
    "total_issues": 2,
    "critical_issues": 0,
    "warnings": 2
  },
  "directory_structure": {
    "app/src/main/java": true,
    "app/src/main/res": true,
    "app/build.gradle": true
  },
  "gradle_configuration": {
    "existing": [
      "build.gradle",
      "settings.gradle",
      "gradle.properties",
      "app/build.gradle"
    ],
    "missing": [],
    "complete": true
  },
  "android_manifest": {
    "package": "com.gaming.enhancedagar",
    "minSdk": "No especificado",
    "targetSdk": "No especificado",
    "activities": [
      ".ui.MainMenuActivity",
      ".MainActivity",
      ".ui.GameOverActivity",
      ".ui.SettingsActivity"
    ],
    "permissions": [
      "android.permission.INTERNET",
      "android.permission.ACCESS_NETWORK_STATE",
      "android.permission.ACCESS_WIFI_STATE",
      "android.permission.WRITE_EXTERNAL_STORAGE",
      "android.permission.READ_EXTERNAL_STORAGE",
      "android.permission.MANAGE_EXTERNAL_STORAGE",
      "android.permission.RECORD_AUDIO",
      "android.permission.MODIFY_AUDIO_SETTINGS",
      "android.permission.VIBRATE",
      "android.permission.ACCESS_FINE_LOCATION",
      "android.permission.ACCESS_COARSE_LOCATION",
      "android.permission.WAKE_LOCK",
      "android.permission.FOREGROUND_SERVICE"
    ],
    "content_length": 4757
  },
  "imports_analysis": {
    "total_unique_imports": 124,
    "android_compatibility": {
      "android_imports": 64,
      "java_imports": 41,
      "external_imports": 19,
      "problematic": [
        "⚠️  javax.swing.* (puede causar problemas en Android)",
        "⚠️  javax.swing.border.EmptyBorder (puede causar problemas en Android)"
      ]
    }
  },
  "file_metrics": {
    "total_files": 32,
    "total_lines": 21476,
    "total_classes": 159,
    "avg_lines_per_file": 671.125,
    "complexity_score": 37376
  },
  "critical_issues": [],
  "warnings": [
    "⚠️  javax.swing.* (puede causar problemas en Android)",
    "⚠️  javax.swing.border.EmptyBorder (puede causar problemas en Android)"
  ]
}