{
  "timestamp": "2025-11-01T01:06:38.783623",
  "verification_time_seconds": 30.326304,
  "project_root": "/workspace/EnhancedAgarGame",
  "summary": {
    "total_java_files": 32,
    "total_imports": 118,
    "total_issues": 117,
    "critical_issues": 0,
    "warnings": 0
  },
  "files_analyzed": [
    "/workspace/EnhancedAgarGame/src/main/java/com/gaming/enhancedagar/MainActivity.java",
    "/workspace/EnhancedAgarGame/src/main/java/com/gaming/enhancedagar/engine/BackgroundRenderer.java",
    "/workspace/EnhancedAgarGame/src/main/java/com/gaming/enhancedagar/engine/GameEngine.java",
    "/workspace/EnhancedAgarGame/src/main/java/com/gaming/enhancedagar/engine/ParticleSystem.java",
    "/workspace/EnhancedAgarGame/src/main/java/com/gaming/enhancedagar/engine/Renderer.java",
    "/workspace/EnhancedAgarGame/src/main/java/com/gaming/enhancedagar/engine/RoleSystem.java",
    "/workspace/EnhancedAgarGame/src/main/java/com/gaming/enhancedagar/engine/TextRenderer.java",
    "/workspace/EnhancedAgarGame/src/main/java/com/gaming/enhancedagar/engine/VisualEffects.java",
    "/workspace/EnhancedAgarGame/src/main/java/com/gaming/enhancedagar/entities/EnemyBot.java",
    "/workspace/EnhancedAgarGame/src/main/java/com/gaming/enhancedagar/entities/Entity.java",
    "/workspace/EnhancedAgarGame/src/main/java/com/gaming/enhancedagar/entities/Food.java",
    "/workspace/EnhancedAgarGame/src/main/java/com/gaming/enhancedagar/entities/Player.java",
    "/workspace/EnhancedAgarGame/src/main/java/com/gaming/enhancedagar/game/CameraManager.java",
    "/workspace/EnhancedAgarGame/src/main/java/com/gaming/enhancedagar/game/CollisionSystem.java",
    "/workspace/EnhancedAgarGame/src/main/java/com/gaming/enhancedagar/game/CoordinateSystem.java",
    "/workspace/EnhancedAgarGame/src/main/java/com/gaming/enhancedagar/game/DivisionSystem.java",
    "/workspace/EnhancedAgarGame/src/main/java/com/gaming/enhancedagar/game/GameModeManager.java",
    "/workspace/EnhancedAgarGame/src/main/java/com/gaming/enhancedagar/game/GameState.java",
    "/workspace/EnhancedAgarGame/src/main/java/com/gaming/enhancedagar/game/GameThread.java",
    "/workspace/EnhancedAgarGame/src/main/java/com/gaming/enhancedagar/game/GameView.java",
    "/workspace/EnhancedAgarGame/src/main/java/com/gaming/enhancedagar/game/InputHandler.java",
    "/workspace/EnhancedAgarGame/src/main/java/com/gaming/enhancedagar/game/MovementSystem.java",
    "/workspace/EnhancedAgarGame/src/main/java/com/gaming/enhancedagar/game/Physics.java",
    "/workspace/EnhancedAgarGame/src/main/java/com/gaming/enhancedagar/game/PowerUpSystem.java",
    "/workspace/EnhancedAgarGame/src/main/java/com/gaming/enhancedagar/game/SpecialAbilitySystem.java",
    "/workspace/EnhancedAgarGame/src/main/java/com/gaming/enhancedagar/game/TeamSystem.java",
    "/workspace/EnhancedAgarGame/src/main/java/com/gaming/enhancedagar/ui/GameHUD.java",
    "/workspace/EnhancedAgarGame/src/main/java/com/gaming/enhancedagar/ui/GameOverActivity.java",
    "/workspace/EnhancedAgarGame/src/main/java/com/gaming/enhancedagar/ui/MainMenuActivity.java",
    "/workspace/EnhancedAgarGame/src/main/java/com/gaming/enhancedagar/ui/SettingsActivity.java",
    "/workspace/EnhancedAgarGame/src/main/java/com/gaming/enhancedagar/ui/UIManager.java",
    "/workspace/EnhancedAgarGame/src/main/java/com/gaming/enhancedagar/utils/VersionInfo.java"
  ],
  "imports": [
    "java.io.InputStreamReader",
    "java.util.ArrayList",
    "java.util.concurrent.atomic.AtomicBoolean",
    "android.view.SurfaceHolder",
    "com.gaming.enhancedagar.game.GameModeManager",
    "android.text.style.UnderlineSpan",
    "java.util.Date",
    "java.util.Map",
    "androidx.core.view.ViewCompat",
    "java.util.concurrent.ScheduledExecutorService",
    "java.io.FileOutputStream",
    "android.media.SoundPool",
    "com.gaming.enhancedagar.engine.RoleSystem",
    "android.graphics.Typeface",
    "android.widget.TextView",
    "android.app.Activity",
    "android.os.Handler",
    "com.gaming.enhancedagar.utils.Vector2D",
    "android.view.WindowManager",
    "android.graphics.Rect",
    "java.util.concurrent.PriorityQueue",
    "android.widget.Toast",
    "javax.swing.border.EmptyBorder",
    "java.util.List",
    "android.content.SharedPreferences",
    "java.awt.geom.Ellipse2D",
    "android.graphics.PorterDuff.Mode",
    "java.awt.geom.AffineTransform",
    "android.os.Build",
    "com.gaming.enhancedagar.game.CoordinateSystem",
    "android.graphics.drawable.Drawable",
    "androidx.appcompat.widget.AppCompatImageView",
    "android.util.AttributeSet",
    "androidx.appcompat.app.AppCompatActivity",
    "android.animation.ObjectAnimator",
    "android.graphics.Paint",
    "java.io.File",
    "android.view.SurfaceView",
    "android.view.MotionEvent",
    "android.content.Context",
    "java.io.BufferedReader",
    "com.gaming.enhancedagar.utils.StatisticsManager",
    "com.gaming.enhancedagar.utils.AchievementManager",
    "com.gaming.enhancedagar.entities.Player",
    "androidx.core.content.ContextCompat",
    "java.util.HashMap",
    "android.net.Uri",
    "android.text.style.ForegroundColorSpan",
    "android.widget.LinearLayout",
    "android.os.Looper",
    "java.util.concurrent.ConcurrentHashMap",
    "android.text.style.BackgroundColorSpan",
    "android.graphics.Canvas",
    "com.gaming.enhancedagar.game.RoleSystem",
    "android.view.animation.AnimationUtils",
    "java.util.concurrent.Executors",
    "java.util.regex.Pattern",
    "java.util.Collections",
    "android.view.ViewGroup",
    "java.awt.Point",
    "com.gaming.enhancedagar.game.CameraManager",
    "java.util.concurrent.ConcurrentLinkedQueue",
    "java.text.SimpleDateFormat",
    "android.content.pm.PackageManager",
    "android.util.Log",
    "java.awt.geom.Rectangle2D",
    "com.gaming.enhancedagar.engine.GameEngine",
    "android.os.Bundle",
    "androidx.annotation.RequiresApi",
    "android.view.View",
    "android.view.Gravity",
    "android.text.Spanned",
    "java.awt.geom.Point2D",
    "android.animation.AnimatorSet",
    "android.graphics.Shader",
    "android.widget.Button",
    "android.graphics.PointF",
    "android.widget.ImageView",
    "com.gaming.enhancedagar.R",
    "java.util.Set",
    "com.gaming.enhancedagar.entities.Entity",
    "android.os.SystemClock",
    "android.widget.Switch",
    "android.util.LruCache",
    "java.util.concurrent.CopyOnWriteArrayList",
    "java.util.concurrent.locks.ReentrantLock",
    "java.io.FileInputStream",
    "java.util.Comparator",
    "com.gaming.enhancedagar.utils.PersonalRecordsManager",
    "androidx.appcompat.widget.AppCompatButton",
    "android.graphics.Path",
    "java.util.Random",
    "android.graphics.LinearGradient",
    "android.content.Intent",
    "android.graphics.Color",
    "java.util.PriorityQueue",
    "com.gaming.enhancedagar.game.GameState",
    "androidx.appcompat.app.AlertDialog",
    "java.util.TimeZone",
    "android.text.style.ImageSpan",
    "androidx.core.widget.NestedScrollView",
    "android.widget.SeekBar",
    "java.io.IOException",
    "android.view.animation.Animation",
    "android.text.SpannableString",
    "com.gaming.enhancedagar.engine.VisualEffects",
    "java.awt.Dimension",
    "com.gaming.enhancedagar.entities.Food",
    "android.graphics.RectF",
    "java.awt.Rectangle",
    "android.animation.ValueAnimator",
    "java.util.concurrent.locks.ReentrantReadWriteLock",
    "com.gaming.enhancedagar.MainActivity",
    "androidx.core.view.WindowInsetsCompat",
    "android.text.TextPaint",
    "java.util.concurrent.TimeUnit",
    "java.util.HashSet",
    "java.util.Locale"
  ],
  "issues": [
    "Import no verificado: java.util.concurrent.ConcurrentHashMap en BackgroundRenderer.java",
    "Import no verificado: java.util.ArrayList en GameEngine.java",
    "Import no verificado: java.util.List en GameEngine.java",
    "Import no verificado: java.util.Random en GameEngine.java",
    "Import no verificado: java.util.concurrent.ConcurrentHashMap en ParticleSystem.java",
    "Import no verificado: java.awt.geom.AffineTransform en ParticleSystem.java",
    "Import no verificado: java.util.concurrent.ConcurrentHashMap en Renderer.java",
    "Import no verificado: java.util.concurrent.locks.ReentrantReadWriteLock en Renderer.java",
    "Import no verificado: java.util.HashMap en RoleSystem.java",
    "Import no verificado: java.util.Map en RoleSystem.java",
    "Import no verificado: java.util.Set en RoleSystem.java",
    "Import no verificado: android.text.TextPaint en TextRenderer.java",
    "Import no verificado: android.text.SpannableString en TextRenderer.java",
    "Import no verificado: android.text.Spanned en TextRenderer.java",
    "Import no verificado: android.text.style.BackgroundColorSpan en TextRenderer.java",
    "Import no verificado: android.text.style.ForegroundColorSpan en TextRenderer.java",
    "Import no verificado: android.text.style.ImageSpan en TextRenderer.java",
    "Import no verificado: android.text.style.UnderlineSpan en TextRenderer.java",
    "Import no verificado: java.util.concurrent.ConcurrentHashMap en TextRenderer.java",
    "Import no verificado: java.util.List en TextRenderer.java",
    "Import no verificado: java.util.ArrayList en TextRenderer.java",
    "Import no verificado: java.util.Map en TextRenderer.java",
    "Import no verificado: java.util.regex.Pattern en TextRenderer.java",
    "Import no verificado: java.util.concurrent.ConcurrentHashMap en VisualEffects.java",
    "Import no verificado: java.util.ArrayList en EnemyBot.java",
    "Import no verificado: java.util.List en EnemyBot.java",
    "Import no verificado: java.util.Random en EnemyBot.java",
    "Import no verificado: java.util.HashMap en EnemyBot.java",
    "Import no verificado: java.util.Map en EnemyBot.java",
    "Import no verificado: java.util.List en Entity.java",
    "Import no verificado: java.util.ArrayList en Entity.java",
    "Import no verificado: java.util.ArrayList en Food.java",
    "Import no verificado: java.util.List en Food.java",
    "Import no verificado: java.util.Random en Food.java",
    "Import no verificado: java.util.concurrent.ScheduledExecutorService en Food.java",
    "Import no verificado: java.util.concurrent.Executors en Food.java",
    "Import no verificado: java.util.concurrent.TimeUnit en Food.java",
    "Import no verificado: java.util.ArrayList en Player.java",
    "Import no verificado: java.util.HashMap en Player.java",
    "Import no verificado: java.util.List en Player.java",
    "Import no verificado: java.util.Map en Player.java",
    "Import no verificado: java.util.Random en Player.java",
    "Import no verificado: java.util.ArrayList en CameraManager.java",
    "Import no verificado: java.util.HashMap en CameraManager.java",
    "Import no verificado: java.util.List en CameraManager.java",
    "Import no verificado: java.util.Map en CameraManager.java",
    "Import no verificado: java.util.PriorityQueue en CameraManager.java",
    "Import no verificado: java.util.Comparator en CameraManager.java",
    "Import no verificado: java.util.ArrayList en CollisionSystem.java",
    "Import no verificado: java.util.Collections en CollisionSystem.java",
    "Import no verificado: java.util.HashMap en CollisionSystem.java",
    "Import no verificado: java.util.HashSet en CollisionSystem.java",
    "Import no verificado: java.util.List en CollisionSystem.java",
    "Import no verificado: java.util.Map en CollisionSystem.java",
    "Import no verificado: java.util.Set en CollisionSystem.java",
    "Import no verificado: java.awt.Point en CoordinateSystem.java",
    "Import no verificado: java.awt.Rectangle en CoordinateSystem.java",
    "Import no verificado: java.awt.Dimension en CoordinateSystem.java",
    "Import no verificado: java.awt.geom.Point2D en CoordinateSystem.java",
    "Import no verificado: java.awt.geom.Rectangle2D en CoordinateSystem.java",
    "Import no verificado: java.util.List en CoordinateSystem.java",
    "Import no verificado: java.util.ArrayList en CoordinateSystem.java",
    "Import no verificado: java.util.concurrent.ConcurrentHashMap en DivisionSystem.java",
    "Import no verificado: java.util.concurrent.CopyOnWriteArrayList en DivisionSystem.java",
    "Import no verificado: java.util.concurrent.ConcurrentHashMap en GameModeManager.java",
    "Import no verificado: java.util.concurrent.atomic.AtomicBoolean en GameThread.java",
    "Import no verificado: java.util.concurrent.locks.ReentrantLock en GameThread.java",
    "Import no verificado: java.util.ArrayList en GameView.java",
    "Import no verificado: java.util.List en GameView.java",
    "Import no verificado: java.util.ArrayList en InputHandler.java",
    "Import no verificado: java.util.List en InputHandler.java",
    "Import no verificado: java.util.HashMap en InputHandler.java",
    "Import no verificado: java.util.Map en InputHandler.java",
    "Import no verificado: java.util.concurrent.ConcurrentHashMap en MovementSystem.java",
    "Import no verificado: java.util.concurrent.PriorityQueue en MovementSystem.java",
    "Import no verificado: java.util.concurrent.ConcurrentHashMap en Physics.java",
    "Import no verificado: java.awt.geom.Ellipse2D en Physics.java",
    "Import no verificado: java.awt.geom.Point2D en Physics.java",
    "Import no verificado: java.awt.geom.AffineTransform en PowerUpSystem.java",
    "Import no verificado: java.util.List en PowerUpSystem.java",
    "Import no verificado: java.util.concurrent.ConcurrentHashMap en PowerUpSystem.java",
    "Import no verificado: java.util.concurrent.ConcurrentHashMap en SpecialAbilitySystem.java",
    "Import no verificado: java.util.concurrent.ConcurrentHashMap en TeamSystem.java",
    "Import no verificado: java.awt.geom.Point2D en TeamSystem.java",
    "Import no verificado: javax.swing.border.EmptyBorder en GameHUD.java",
    "Import no verificado: java.util.List en GameHUD.java",
    "Import no verificado: java.util.concurrent.ConcurrentLinkedQueue en GameHUD.java",
    "Import no verificado: android.net.Uri en GameOverActivity.java",
    "Import no verificado: java.text.SimpleDateFormat en GameOverActivity.java",
    "Import no verificado: java.util.Date en GameOverActivity.java",
    "Import no verificado: java.util.HashMap en GameOverActivity.java",
    "Import no verificado: java.util.List en GameOverActivity.java",
    "Import no verificado: java.util.Locale en GameOverActivity.java",
    "Import no verificado: java.util.Map en GameOverActivity.java",
    "Import no verificado: android.animation.AnimatorSet en MainMenuActivity.java",
    "Import no verificado: android.animation.ObjectAnimator en MainMenuActivity.java",
    "Import no verificado: android.animation.ValueAnimator en MainMenuActivity.java",
    "Import no verificado: java.util.concurrent.Executors en MainMenuActivity.java",
    "Import no verificado: java.util.concurrent.ScheduledExecutorService en MainMenuActivity.java",
    "Import no verificado: java.util.concurrent.TimeUnit en MainMenuActivity.java",
    "Import no verificado: java.util.concurrent.ConcurrentHashMap en UIManager.java",
    "Import no verificado: java.text.SimpleDateFormat en VersionInfo.java",
    "Import no verificado: java.util.Date en VersionInfo.java",
    "Import no verificado: java.util.Locale en VersionInfo.java",
    "Import no verificado: java.util.TimeZone en VersionInfo.java",
    "Import no verificado: java.io.BufferedReader en VersionInfo.java",
    "Import no verificado: java.io.File en VersionInfo.java",
    "Import no verificado: java.io.FileInputStream en VersionInfo.java",
    "Import no verificado: java.io.FileOutputStream en VersionInfo.java",
    "Import no verificado: java.io.IOException en VersionInfo.java",
    "Import no verificado: java.io.InputStreamReader en VersionInfo.java",
    "Import no verificado: java.util.HashMap en VersionInfo.java",
    "Import no verificado: java.util.Map en VersionInfo.java",
    "Actividad SettingsActivity no registrada en AndroidManifest.xml",
    "Actividad MainActivity no registrada en AndroidManifest.xml",
    "Actividad MainMenuActivity no registrada en AndroidManifest.xml",
    "Actividad GameOverActivity no registrada en AndroidManifest.xml"
  ],
  "android_manifest": {
    "package": "com.gaming.enhancedagar",
    "minSdk": "",
    "targetSdk": "",
    "permissions": [
      null,
      null,
      null,
      null,
      null,
      null,
      null,
      null,
      null,
      null,
      null,
      null,
      null
    ],
    "activities": [
      null,
      "Sin intent-filter",
      "Sin intent-filter",
      "Sin intent-filter",
      "Sin intent-filter",
      "Sin intent-filter",
      "Sin intent-filter"
    ]
  },
  "performance": {
    "total_files": 32,
    "total_lines": 21476,
    "total_classes": 35,
    "complexity_score": 1358,
    "recommendations": [
      "Considerar dividir archivos muy grandes (>10000 líneas)",
      "Alta complejidad: considerar refactoring para mejorar mantenibilidad"
    ]
  },
  "recommendations": [
    "Revisar imports no estándar - verificar dependencias en build.gradle",
    "Corregir configuración en AndroidManifest.xml",
    "Verificar registro de actividades en el manifest",
    "Considerar dividir archivos muy grandes (>10000 líneas)",
    "Alta complejidad: considerar refactoring para mejorar mantenibilidad",
    "Ejecutar lint de Android para verificación adicional",
    "Probar compilación con './gradlew assembleDebug'",
    "Ejecutar tests unitarios con './gradlew test'"
  ]
}